season,episode_num_in_season,title,directed_by,written_by,original_air_date,prod_code
1,1,The One Where Monica Gets a Roommate,James Burrows,David Crane & Marta Kauffman,9/22/1994,456650
1,2,The One with the Sonogram at the End,James Burrows,David Crane & Marta Kauffman,9/29/1994,456652
1,3,The One with the Thumb,James Burrows,Jeffrey Astrof & Mike Sikowitz,10/6/1994,456651
1,4,The One with George Stephanopoulos,James Burrows,Alexa Junge,10/13/1994,456654
1,5,The One with the East German Laundry Detergent,Pamela Fryman,Jeff Greenstein & Jeff Strauss,10/20/1994,456653
1,6,The One with the Butt,Arlene Sanford,Adam Chase & Ira Ungerleider,10/27/1994,456655
1,7,The One with the Blackout,James Burrows,Jeffrey Astrof & Mike Sikowitz,11/3/1994,456656
1,8,The One Where Nana Dies Twice,James Burrows,Marta Kauffman & David Crane,11/10/1994,456657
1,9,The One Where Underdog Gets Away,James Burrows,Jeff Greenstein & Jeff Strauss,11/17/1994,456659
1,10,The One with the Monkey,Peter Bonerz,Adam Chase & Ira Ungerleider,12/15/1994,456661
1,11,The One with Mrs. Bing,James Burrows,Alexa Junge,1/5/1995,456660
1,12,The One with the Dozen Lasagnas,Paul Lazarus,Jeffrey Astrof & Mike Sikowitz & Adam Chase & Ira Ungerleider,1/12/1995,456658
1,13,The One with the Boobies,Alan Myerson,Alexa Junge,1/19/1995,456664
1,14,The One with the Candy Hearts,James Burrows,Bill Lawrence,2/9/1995,456667
1,15,The One with the Stoned Guy,Alan Myerson,Jeff Greenstein & Jeff Strauss,2/16/1995,456663
1,16,The One with Two Parts: Part 1,Michael Lembeck,Marta Kauffman & David Crane,2/23/1995,456665A
1,17,The One with Two Parts: Part 2,Michael Lembeck,Marta Kauffman & David Crane,2/23/1995,456665B
1,18,The One with All the Poker,James Burrows,Jeffrey Astrof & Mike Sikowitz,3/2/1995,456662
1,19,The One Where the Monkey Gets Away,Peter Bonerz,Jeffrey Astrof & Mike Sikowitz,3/9/1995,456668
1,20,The One with the Evil Orthodontist,Peter Bonerz,Doty Abrams,4/6/1995,456669
1,21,The One with the Fake Monica,Gail Mancuso,Adam Chase & Ira Ungerleider,4/27/1995,456671
1,22,The One with the Ick Factor,Robby Benson,Alexa Junge,5/4/1995,456670
1,23,The One with the Birth,James Burrows,Story by: David Crane & Marta KauffmanTeleplay by: Jeff Greenstein & Jeff Strauss,5/11/1995,456672
1,24,The One Where Rachel Finds Out,Kevin S. Bright,Chris Brown,5/18/1995,456673
2,1,The One with Ross's New Girlfriend,Michael Lembeck,Jeffrey Astrof & Mike Sikowitz,9/21/1995,457301
2,2,The One with the Breast Milk,Michael Lembeck,Adam Chase & Ira Ungerleider,9/28/1995,457302
2,3,The One Where Heckles Dies,Kevin S. Bright,Michael Curtis & Gregory S. Malins,10/5/1995,457303
2,4,The One with Phoebe's Husband,Gail Mancuso,Alexa Junge,10/12/1995,457305
2,5,The One with Five Steaks and an Eggplant,Ellen Gittelsohn,Chris Brown,10/19/1995,457304
2,6,The One with the Baby on the Bus,Gail Mancuso,Betsy Borns,11/2/1995,457306
2,7,The One Where Ross Finds Out,Peter Bonerz,Michael Borkow,11/9/1995,457307
2,8,The One with the List,Mary Kay Place,David Crane & Marta Kauffman,11/16/1995,457308
2,9,The One with Phoebe's Dad,Kevin S. Bright,Jeffrey Astrof & Mike Sikowitz,12/14/1995,457309
2,10,The One with Russ,Thomas Schlamme,Ira Ungerleider,1/4/1996,457311
2,11,The One with the Lesbian Wedding,Thomas Schlamme,Doty Abrams,1/18/1996,457312
2,12,The One After the Superbowl: Part 1,Michael Lembeck,Jeffrey Astrof & Mike Sikowitz,1/28/1996,457313
2,13,The One After the Superbowl: Part 2,Michael Lembeck,Michael Borkow,1/28/1996,457314
2,14,The One with the Prom Video,James Burrows,Alexa Junge,2/1/1996,457310
2,15,The One Where Ross and Rachel... You Know,Michael Lembeck,Michael Curtis & Gregory S. Malins,2/8/1996,457315
2,16,The One Where Joey Moves Out,Michael Lembeck,Betsy Borns,2/15/1996,457316
2,17,The One Where Eddie Moves In,Michael Lembeck,Adam Chase,2/22/1996,457317
2,18,The One Where Dr. Ramoray Dies,Michael Lembeck,Story by: Alexa JungeTeleplay by: Michael Borkow,3/21/1996,457318
2,19,The One Where Eddie Won't Go,Michael Lembeck,Michael Curtis & Gregory S. Malins,3/28/1996,457319
2,20,The One Where Old Yeller Dies,Michael Lembeck,Story by: Michael Curtis & Gregory S. MalinsTeleplay by: Adam Chase,4/4/1996,457320
2,21,The One with the Bullies,Michael Lembeck,Brian Buckner & Sebastian Jones,4/25/1996,457321
2,22,The One with the Two Parties,Michael Lembeck,Alexa Junge,5/2/1996,457322
2,23,The One with the Chicken Pox,Michael Lembeck,Brown Mandell,5/9/1996,457324
2,24,The One with Barry and Mindy's Wedding,Michael Lembeck,Story by: Ira UngerleiderTeleplay by: Brown Mandell,5/16/1996,457323
3,1,The One with the Princess Leia Fantasy,Gail Mancuso,Michael Curtis & Gregory S. Malins,9/19/1996,465251
3,2,The One Where No One's Ready,Gail Mancuso,Ira Ungerleider,9/26/1996,465252
3,3,The One with the Jam,Kevin S. Bright,Wil Calhoun,10/3/1996,465253
3,4,The One with the Metaphorical Tunnel,Steve Zuckerman,Alexa Junge,10/10/1996,465254
3,5,The One with Frank Jr.,Steve Zuckerman,Shana Goldberg-Meehan & Scott Silveri,10/17/1996,465255
3,6,The One with the Flashback,Peter Bonerz,David Crane & Marta Kauffman,10/31/1996,465256
3,7,The One with the Race Car Bed,Gail Mancuso,Seth Kurland,11/7/1996,465257
3,8,The One with the Giant Poking Device,Gail Mancuso,Adam Chase,11/14/1996,465258
3,9,The One with the Football,Kevin S. Bright,Ira Ungerleider,11/21/1996,465259
3,10,The One Where Rachel Quits,Terry Hughes,Gregory S. Malins & Michael Curtis,12/12/1996,465260
3,11,The One Where Chandler Can't Remember Which Sister,Terry Hughes,Alexa Junge,1/9/1997,465261
3,12,The One with All the Jealousy,Robby Benson,Doty Abrams,1/16/1997,465262
3,13,The One Where Monica and Richard Are Just Friends,Robby Benson,Michael Borkow,1/30/1997,465265
3,14,The One with Phoebe's Ex-Partner,Robby Benson,Wil Calhoun,2/6/1997,465266
3,15,The One Where Ross and Rachel Take a Break,James Burrows,Michael Borkow,2/13/1997,465263
3,16,The One with the Morning After,James Burrows,David Crane & Marta Kauffman,2/20/1997,465264
3,17,The One Without the Ski Trip,Sam Simon,Shana Goldberg-Meehan & Scott Silveri,3/6/1997,465267
3,18,The One with the Hypnosis Tape,Robby Benson,Seth Kurland,3/13/1997,465269
3,19,The One with the Tiny T-Shirt,Terry Hughes,Adam Chase,3/27/1997,465268
3,20,The One with the Dollhouse,Terry Hughes,Wil Calhoun,4/10/1997,465270
3,21,The One with the Chick and the Duck,Michael Lembeck,Chris Brown,4/17/1997,465271
3,22,The One with the Screamer,Peter Bonerz,Shana Goldberg-Meehan & Scott Silveri,4/24/1997,465272
3,23,The One with Ross's Thing,Shelley Jensen,Ted Cohen & Andrew Reich,5/1/1997,465274
3,24,The One with the Ultimate Fighting Champion,Robby Benson,Story by: Pang-Ni Landrum & Mark KunerthTeleplay by: Shana Goldberg-Meehan & Scott Silveri,5/8/1997,465273
3,25,The One at the Beach,Pamela Fryman,Story by: Pang-Ni Landrum & Mark KunerthTeleplay by: Adam Chase,5/15/1997,465275
4,1,The One with the Jellyfish,Shelley Jensen,Wil Calhoun,9/25/1997,466601
4,2,The One with the Cat,Shelley Jensen,Jill Condon & Amy Toomin,10/2/1997,466602
4,3,The One with the 'Cuffs,Peter Bonerz,Seth Kurland,10/9/1997,466603
4,4,The One with the Ballroom Dancing,Gail Mancuso,Ted Cohen & Andrew Reich,10/16/1997,466604
4,5,The One with Joey's New Girlfriend,Gail Mancuso,Gregory S. Malins & Michael Curtis,10/30/1997,466605
4,6,The One with the Dirty Girl,Shelley Jensen,Shana Goldberg-Meehan & Scott Silveri,11/6/1997,466606
4,7,The One Where Chandler Crosses the Line,Kevin S. Bright,Adam Chase,11/13/1997,466607
4,8,The One with Chandler in a Box,Peter Bonerz,Michael Borkow,11/20/1997,466608
4,9,The One Where They're Going to Party!,Peter Bonerz,Ted Cohen & Andrew Reich,12/11/1997,466609
4,10,The One with the Girl from Poughkeepsie,Gary Halvorson,Scott Silveri,12/18/1997,466612
4,11,The One with Phoebe's Uterus,David Steinberg,Seth Kurland,1/8/1998,466610
4,12,The One with the Embryos,Kevin S. Bright,Jill Condon & Amy Toomin,1/15/1998,466611
4,13,The One with Rachel's Crush,Dana DeVally Piazza,Shana Goldberg-Meehan,1/29/1998,466613
4,14,The One with Joey's Dirty Day,Peter Bonerz,Wil Calhoun,2/5/1998,466614
4,15,The One with All the Rugby,James Burrows,Story by: Ted Cohen & Andrew ReichTeleplay by: Wil Calhoun,2/26/1998,466617
4,16,The One with the Fake Party,Michael Lembeck,Story by: Alicia Sky VarinaitisTeleplay by: Scott Silveri & Shana Goldberg-Meehan,3/19/1998,466615
4,17,The One with the Free Porn,Michael Lembeck,Story by: Mark KunerthTeleplay by: Richard Goodman,3/26/1998,466616
4,18,The One with Rachel's New Dress,Gail Mancuso,Story by: Andrew Reich & Ted CohenTeleplay by: Jill Condon & Amy Toomin,4/2/1998,466620
4,19,The One with All the Haste,Kevin S. Bright,Scott Silveri & Wil Calhoun,4/9/1998,466618
4,20,The One with All the Wedding Dresses,Gail Mancuso,Story by: Adam ChaseTeleplay by: Gregory S. Malins & Michael Curtis,4/16/1998,466621
4,21,The One with the Invitation,Peter Bonerz,Seth Kurland,4/23/1998,466619
4,22,The One with the Worst Best Man Ever,Peter Bonerz,Story by: Seth KurlandTeleplay by: Gregory S. Malins & Michael Curtis,4/30/1998,466622
4,23,The One with Ross's Wedding,Kevin S. Bright,Michael Borkow,5/7/1998,466623
4,24,The One with Ross's Wedding: Part 2,Kevin S. Bright,Story by: Jill Condon & Amy Toomin Teleplay by: Shana Goldberg-Meehan & Scott Silveri,5/7/1998,466624
5,1,The One After Ross Says Rachel,Kevin S. Bright,Seth Kurland,9/24/1998,467651
5,2,The One with All the Kissing,Gary Halvorson,Wil Calhoun,10/1/1998,467652
5,3,The One Hundredth,Kevin S. Bright,David Crane & Marta Kauffman,10/8/1998,467653
5,4,The One Where Phoebe Hates PBS,Shelley Jensen,Michael Curtis,10/18/1998,467654
5,5,The One with the Kips,Dana DeVally Piazza,Scott Silveri,10/29/1998,467655
5,6,The One with the Yeti,Gary Halvorson,Alexa Junge,11/5/1998,467656
5,7,The One Where Ross Moves In,Gary Halvorson,Gigi McCreery & Perry Rein,11/12/1998,467657
5,8,The One with All the Thanksgivings,Kevin S. Bright,Gregory S. Malins,11/19/1998,467659
5,9,The One with Ross's Sandwich,Gary Halvorson,Ted Cohen & Andrew Reich,12/10/1998,467658
5,10,The One with the Inappropriate Sister,Dana DeVally Piazza,Shana Goldberg-Meehan,12/17/1998,467661
5,11,The One with All the Resolutions,Joe Regalbuto,Story by: Brian BoyleTeleplay by: Suzie Villandry,1/7/1999,467660
5,12,The One with Chandler's Work Laugh,Kevin S. Bright,Alicia Sky Varinaitis,1/21/1999,467663
5,13,The One with Joey's Bag,Gail Mancuso,Story by: Michael CurtisTeleplay by: Seth Kurland,2/4/1999,467662
5,14,The One Where Everybody Finds Out,Michael Lembeck,Alexa Junge,2/11/1999,467664
5,15,The One with the Girl Who Hits Joey,Kevin S. Bright,Adam Chase,2/18/1999,467665
5,16,The One with the Cop,Andrew Tsao,Story by: Alicia Sky VarinaitisTeleplay by: Gigi McCreery & Perry Rein,2/25/1999,467666
5,17,The One with Rachel's Inadvertent Kiss,Shelley Jensen,Andrew Reich & Ted Cohen,3/18/1999,467667
5,18,The One Where Rachel Smokes,Todd Holland,Michael Curtis,4/8/1999,467668
5,19,The One Where Ross Can't Flirt,Gail Mancuso,Doty Abrams,4/22/1999,467669
5,20,The One with the Ride Along,Gary Halvorson,Shana Goldberg-Meehan & Seth Kurland,4/29/1999,467670
5,21,The One with the Ball,Gary Halvorson,Story by: Scott SilveriTeleplay by: Gregory S. Malins,5/6/1999,467671
5,22,The One with Joey's Big Break,Gary Halvorson,Story by: Shana Goldberg-MeehanTeleplay by: Wil Calhoun,5/11/1999,467672
5,23,The One in Vegas: Part 1,Kevin S. Bright,Ted Cohen & Andrew Reich,5/20/1999,467673
5,24,The One in Vegas: Part 2,Kevin S. Bright,Gregory S. Malins & Scott Silveri,5/20/1999,467674
6,1,The One After Vegas,Kevin S. Bright,Adam Chase,9/23/1999,225551
6,2,The One Where Ross Hugs Rachel,Gail Mancuso,Shana Goldberg-Meehan,9/30/1999,225552
6,3,The One with Ross's Denial,Gary Halvorson,Seth Kurland,10/7/1999,225553
6,4,The One Where Joey Loses His Insurance,Gary Halvorson,Andrew Reich & Ted Cohen,10/14/1999,225554
6,5,The One with Joey's Porsche,Gary Halvorson,Perry Rein & Gigi McCreery,10/21/1999,225555
6,6,The One on the Last Night,David Schwimmer,Scott Silveri,11/4/1999,225556
6,7,The One Where Phoebe Runs,Gary Halvorson,Sherry Bilsing-Graham & Ellen Plummer,11/11/1999,225557
6,8,The One with Ross' Teeth,Gary Halvorson,Story by: Andrew Reich & Ted CohenTeleplay by: Perry Rein & Gigi McCreery,11/18/1999,225558
6,9,The One Where Ross Got High,Kevin S. Bright,Gregory S. Malins,11/25/1999,225559
6,10,The One with the Routine,Kevin S. Bright,Brian Boyle,12/16/1999,225561
6,11,The One with the Apothecary Table,Kevin S. Bright,Story by: Zachary RosenblattTeleplay by: Brian Boyle,1/6/2000,225560
6,12,The One with the Joke,Gary Halvorson,Story by: Shana Goldberg-MeehanTeleplay by: Andrew Reich & Ted Cohen,1/13/2000,225562
6,13,The One with Rachel's Sister,Gary Halvorson,Story by: Seth KurlandTeleplay by: Sherry Bilsing-Graham & Ellen Plummer,2/3/2000,225563
6,14,The One Where Chandler Can't Cry,Kevin S. Bright,Andrew Reich & Ted Cohen,2/10/2000,225564
6,15,The One That Could Have Been: Part 1,Michael Lembeck,Gregory S. Malins & Adam Chase,2/17/2000,225565
6,16,The One That Could Have Been: Part 2,Michael Lembeck,David Crane & Marta Kauffman,2/17/2000,225566
6,17,The One with Unagi,Gary Halvorson,Story by: Zachary RosenblattTeleplay by: Adam Chase,2/24/2000,225568
6,18,The One Where Ross Dates a Student,Gary Halvorson,Seth Kurland,3/9/2000,225567
6,19,The One with Joey's Fridge,Ben Weiss,Story by: Seth KurlandTeleplay by: Gigi McCreery & Perry Rein,3/23/2000,225569
6,20,The One with Mac and C.H.E.E.S.E.,Kevin S. Bright,Doty Abrams,4/13/2000,225575
6,21,The One Where Ross Meets Elizabeth's Dad,Michael Lembeck,Story by: David J. LaganaTeleplay by: Scott Silveri,4/27/2000,225570
6,22,The One Where Paul's the Man,Gary Halvorson,Story by: Brian CaldirolaTeleplay by: Sherry Bilsing-Graham & Ellen Plummer,5/4/2000,225571
6,23,The One with the Ring,Gary Halvorson,Ted Cohen & Andrew Reich,5/11/2000,225572
6,24,The One with the Proposal: Part 1,Kevin S. Bright,Shana Goldberg-Meehan & Scott Silveri,5/18/2000,225573
6,25,The One with the Proposal: Part 2,Kevin S. Bright,Andrew Reich & Ted Cohen,5/18/2000,225574
7,1,The One with Monica's Thunder,Kevin S. Bright,Story by: Wil CalhounTeleplay by: David Crane & Marta Kauffman,10/12/2000,226401
7,2,The One with Rachel's Book,Michael Lembeck,Andrew Reich & Ted Cohen,10/12/2000,226402
7,3,The One with Phoebe's Cookies,Gary Halvorson,Sherry Bilsing & Ellen Plummer,10/19/2000,226405
7,4,The One with Rachel's Assistant,David Schwimmer,Brian Boyle,10/26/2000,226403
7,5,The One with the Engagement Picture,Gary Halvorson,Story by: Earl DavisTeleplay by: Patty Lin,11/2/2000,226404
7,6,The One with the Nap Partners,Gary Halvorson,Brian Buckner & Sebastian Jones,11/9/2000,226406
7,7,The One with Ross's Library Book,David Schwimmer,Scott Silveri,11/16/2000,226410
7,8,The One Where Chandler Doesn't Like Dogs,Kevin S. Bright,Patty Lin,11/23/2000,226407
7,9,The One with All the Candy,David Schwimmer,Wil Calhoun,12/7/2000,226408
7,10,The One with the Holiday Armadillo,Gary Halvorson,Gregory S. Malins,12/14/2000,226409
7,11,The One with All the Cheesecakes,Gary Halvorson,Shana Goldberg-Meehan,1/4/2001,226412
7,12,The One Where They're Up All Night,Kevin S. Bright,Zachary Rosenblatt,1/11/2001,226413
7,13,The One Where Rosita Dies,Stephen Prime,Story by: Ellen Plummer & Sherry BilsingTeleplay by: Brian Buckner & Sebastian Jones,2/1/2001,226415
7,14,The One Where They All Turn Thirty,Ben Weiss,Story by: Vanessa McCarthyTeleplay by: Ellen Plummer & Sherry Bilsing,2/8/2001,226411
7,15,The One with Joey's New Brain,Kevin S. Bright,Story by: Sherry Bilsing & Ellen PlummerTeleplay by: Andrew Reich & Ted Cohen,2/15/2001,226416
7,16,The One with the Truth About London,David Schwimmer,Story by: Brian Buckner & Sebastian JonesTeleplay by: Zachary Rosenblatt,2/22/2001,226417
7,17,The One with the Cheap Wedding Dress,Kevin S. Bright,Story by: Brian Buckner & Sebastian JonesTeleplay by: Andrew Reich & Ted Cohen,3/15/2001,226414
7,18,The One with Joey's Award,Gary Halvorson,Story by: Sherry Bilsing & Ellen PlummerTeleplay by: Brian Boyle,3/29/2001,226418
7,19,The One with Ross and Monica's Cousin,Gary Halvorson,Andrew Reich & Ted Cohen,4/19/2001,226421
7,20,The One with Rachel's Big Kiss,Gary Halvorson,Scott Silveri & Shana Goldberg-Meehan,4/26/2001,226419
7,21,The One with the Vows,Gary Halvorson,Doty Abrams,5/3/2001,226424
7,22,The One with Chandler's Dad,Kevin S. Bright & Gary Halvorson,Story by: Gregory S. MalinsTeleplay by: Brian Buckner & Sebastian Jones,5/10/2001,226420
7,23,The One with Monica and Chandler's Wedding: Part 1,Kevin S. Bright,Gregory S. Malins,5/17/2001,226422
7,24,The One with Monica and Chandler's Wedding: Part 2,Kevin S. Bright,Marta Kauffman & David Crane,5/17/2001,226423
8,1,The One After I Do,Kevin S. Bright,David Crane & Marta Kauffman,9/27/2001,227401
8,2,The One with the Red Sweater,David Schwimmer,Dana Klein Borkow,10/4/2001,227402
8,3,The One Where Rachel Tells...,Sheldon Epps,Sherry Bilsing & Ellen Plummer,10/11/2001,227403
8,4,The One with the Videotape,Kevin S. Bright,Scott Silveri,10/18/2001,227406
8,5,The One with Rachel's Date,Gary Halvorson,Brian Buckner & Sebastian Jones,10/25/2001,227404
8,6,The One with the Halloween Party,Gary Halvorson,Mark Kunerth,11/1/2001,227405
8,7,The One with the Stain,Kevin S. Bright,R. Lee Fleming Jr.,11/8/2001,227407
8,8,The One with the Stripper,David Schwimmer,Andrew Reich & Ted Cohen,11/15/2001,227408
8,9,The One with the Rumor,Gary Halvorson,Shana Goldberg-Meehan,11/22/2001,227410
8,10,The One with Monica's Boots,Kevin S. Bright,Story by: Robert CarlockTeleplay by: Brian Buckner & Sebastian Jones,12/6/2001,227409
8,11,The One with Ross's Step Forward,Gary Halvorson,Robert Carlock,12/13/2001,227411
8,12,The One Where Joey Dates Rachel,David Schwimmer,Sherry Bilsing-Graham & Ellen Plummer,1/10/2002,227412
8,13,The One Where Chandler Takes a Bath,Ben Weiss,Vanessa McCarthy,1/17/2002,227413
8,14,The One with the Secret Closet,Kevin S. Bright,Brian Buckner & Sebastian Jones,1/31/2002,227414
8,15,The One with the Birthing Video,Kevin S. Bright,Dana Klein Borkow,2/7/2002,227415
8,16,The One Where Joey Tells Rachel,Ben Weiss,Andrew Reich & Ted Cohen,2/28/2002,227416
8,17,The One with the Tea Leaves,Gary Halvorson,Story by: R. Lee Fleming Jr.Teleplay by: Steven Rosenhaus,3/7/2002,227417
8,18,The One in Massapequa,Gary Halvorson,Story by: Peter TibbalsTeleplay by: Mark Kunerth,3/28/2002,227418
8,19,The One with Joey's Interview,Gary Halvorson,Doty Abrams,4/4/2002,227424
8,20,The One with the Baby Shower,Kevin S. Bright,Sherry Bilsing-Graham & Ellen Plummer,4/25/2002,227421
8,21,The One with the Cooking Class,Gary Halvorson,Story by: Dana Klein BorkowTeleplay by: Brian Buckner & Sebastian Jones,5/2/2002,227419
8,22,The One Where Rachel Is Late,Gary Halvorson,Shana Goldberg-Meehan,5/9/2002,227420
8,23,The One Where Rachel Has a Baby: Part 1,Kevin S. Bright,Scott Silveri,5/16/2002,227422
8,24,The One Where Rachel Has a Baby: Part 2,Kevin S. Bright,Marta Kauffman & David Crane,5/16/2002,227423
9,1,The One Where No One Proposes,Kevin S. Bright,Sherry Bilsing-Graham & Ellen Plummer,9/26/2002,175251
9,2,The One Where Emma Cries,Sheldon Epps,Dana Klein Borkow,10/3/2002,175252
9,3,The One with the Pediatrician,Roger Christiansen,Brian Buckner & Sebastian Jones,10/10/2002,175254
9,4,The One with the Sharks,Ben Weiss,Andrew Reich & Ted Cohen,10/17/2002,175253
9,5,The One with Phoebe's Birthday Dinner,David Schwimmer,Scott Silveri,10/31/2002,175255
9,6,The One with the Male Nanny,Kevin S. Bright,David Crane & Marta Kauffman,11/7/2002,175256
9,7,The One with Ross's Inappropriate Song,Gary Halvorson,Robert Carlock,11/14/2002,175257
9,8,The One with Rachel's Other Sister,Kevin S. Bright,Shana Goldberg-Meehan,11/21/2002,175258
9,9,The One with Rachel's Phone Number,Ben Weiss,Mark Kunerth,12/5/2002,175259
9,10,The One with Christmas in Tulsa,Kevin S. Bright,Doty Abrams,12/12/2002,175260
9,11,The One Where Rachel Goes Back to Work,Gary Halvorson,Story by: Judd RubinTeleplay by: Peter Tibbals,1/9/2003,175261
9,12,The One with Phoebe's Rats,Ben Weiss,Story by: Dana Klein BorkowTeleplay by: Brian Buckner & Sebastian Jones,1/16/2003,175262
9,13,The One Where Monica Sings,Gary Halvorson,Story by: Sherry Bilsing-Graham & Ellen PlummerTeleplay by: Steven Rosenhaus,1/30/2003,175263
9,14,The One with the Blind Dates,Gary Halvorson,Sherry Bilsing-Graham & Ellen Plummer,2/6/2003,175265
9,15,The One with the Mugging,Gary Halvorson,Peter Tibbals,2/13/2003,175264
9,16,The One with the Boob Job,Gary Halvorson,Mark Kunerth,2/20/2003,175266
9,17,The One with the Memorial Service,Gary Halvorson,Story by: Robert CarlockTeleplay by: Brian Buckner & Sebastian Jones,3/13/2003,175267
9,18,The One with the Lottery,Gary Halvorson,Story by: Brian Buckner & Sebastian JonesTeleplay by: Sherry Bilsing-Graham & Ellen Plummer,4/3/2003,175268
9,19,The One with Rachel's Dream,Terry Hughes,Story by: Dana Klein BorkowTeleplay by: Mark Kunerth,4/17/2003,175269
9,20,The One with the Soap Opera Party,Sheldon Epps,Story by: Shana Goldberg-MeehanTeleplay by: Andrew Reich & Ted Cohen,4/24/2003,175270
9,21,The One with the Fertility Test,Gary Halvorson,Story by: Scott SilveriTeleplay by: Robert Carlock,5/1/2003,175271
9,22,The One with the Donor,Ben Weiss,Andrew Reich & Ted Cohen,5/8/2003,175272
9,23,The One in Barbados: Part 1,Kevin S. Bright,Shana Goldberg-Meehan & Scott Silveri,5/15/2003,175273
9,24,The One in Barbados: Part 2,Kevin S. Bright,Marta Kauffman & David Crane,5/15/2003,175274
10,1,The One After Joey and Rachel Kiss,Kevin S. Bright,Andrew Reich & Ted Cohen,9/25/2003,176251
10,2,The One Where Ross Is Fine,Ben Weiss,Sherry Bilsing-Graham & Ellen Plummer,10/2/2003,176252
10,3,The One with Ross's Tan,Gary Halvorson,Brian Buckner,10/9/2003,176253
10,4,The One with the Cake,Gary Halvorson,Robert Carlock,10/23/2003,176254
10,5,The One Where Rachel's Sister Babysits,Roger Christiansen,Dana Klein Borkow,10/30/2003,176255
10,6,The One with Ross' Grant,Ben Weiss,Sebastian Jones,11/6/2003,176256
10,7,The One with the Home Study,Kevin S. Bright,Mark Kunerth,11/13/2003,176257
10,8,The One with the Late Thanksgiving,Gary Halvorson,Shana Goldberg-Meehan,11/20/2003,176259
10,9,The One with the Birth Mother,David Schwimmer,Scott Silveri,1/8/2004,176258
10,10,The One Where Chandler Gets Caught,Gary Halvorson,Doty Abrams,1/15/2004,176268
10,11,The One Where the Stripper Cries,Kevin S. Bright,David Crane & Marta Kauffman,2/5/2004,176260
10,12,The One with Phoebe's Wedding,Kevin S. Bright,Robert Carlock & Dana Klein Borkow,2/12/2004,176262
10,13,The One Where Joey Speaks French,Gary Halvorson,Sherry Bilsing-Graham & Ellen Plummer,2/19/2004,176261
10,14,The One with Princess Consuela,Gary Halvorson,Story by: Robert CarlockTeleplay by: Tracy Reilly,2/26/2004,176263
10,15,The One Where Estelle Dies,Gary Halvorson,Story by: Mark KunerthTeleplay by: David Crane & Marta Kauffman,4/22/2004,176264
10,16,The One with Rachel's Going Away Party,Gary Halvorson,Andrew Reich & Ted Cohen,4/29/2004,176265
10,17,The Last One,Kevin S. Bright,Marta Kauffman & David Crane,5/6/2004,176266
10,18,The Last One,Kevin S. Bright,Marta Kauffman & David Crane,5/6/2004,176267
